"Method","Mean","Median","SD"
"CQD",6.66,4,14.6130009915759
"Conditional copula function",38.97,11,84.7273052954374
"Joint",57.24,60,41.6767551423083
