"Method","Mean","Median","SD"
"CQD",5.17,4,2.78544195213019
"Conditional copula function",20.3,8,40.0722831741327
"Joint",63.92,100,42.0138697637489
